features	importance	tissue
log_eqtl_BRNPTM	0.14410041272640228	BRNPTM
RVIS_score	0.10632800310850143	BRNPTM
median_tpm_BRNPTM	0.09182639420032501	BRNPTM
pLI	0.08858028054237366	BRNPTM
loeuf_score	0.07881537824869156	BRNPTM
pTriplo	0.07027076184749603	BRNPTM
ncCADD	0.06057324633002281	BRNPTM
Episcore	0.05779782682657242	BRNPTM
ncGERP	0.05736605077981949	BRNPTM
pHaplo	0.051402486860752106	BRNPTM
tau	0.050248511135578156	BRNPTM
ncRVIS	0.048360854387283325	BRNPTM
num_enh	0.047815773636102676	BRNPTM
num_super_enh	0.046514034271240234	BRNPTM
log_eqtl_BRNHPT	0.12470114976167679	BRNHPT
ncGERP	0.07666300982236862	BRNHPT
RVIS_score	0.07663306593894958	BRNHPT
tau	0.07629675418138504	BRNHPT
pTriplo	0.0721239224076271	BRNHPT
median_tpm_BRNHPT	0.06928405165672302	BRNHPT
loeuf_score	0.06790733337402344	BRNHPT
pLI	0.06738094985485077	BRNHPT
ncRVIS	0.06481608748435974	BRNHPT
pHaplo	0.0633581131696701	BRNHPT
ncCADD	0.06309372186660767	BRNHPT
num_enh	0.062365733087062836	BRNHPT
Episcore	0.05948871374130249	BRNHPT
num_super_enh	0.05588730424642563	BRNHPT
log_eqtl_BRNNCC	0.19258688390254974	BRNNCC
pLI	0.0708843320608139	BRNNCC
tau	0.06777190417051315	BRNNCC
pTriplo	0.06645480543375015	BRNNCC
Episcore	0.06385360658168793	BRNNCC
ncCADD	0.0635286271572113	BRNNCC
median_tpm_BRNNCC	0.0630028247833252	BRNNCC
ncGERP	0.0627727061510086	BRNNCC
RVIS_score	0.062434080988168716	BRNNCC
pHaplo	0.06168941408395767	BRNNCC
ncRVIS	0.0613839291036129	BRNNCC
num_enh	0.05909149721264839	BRNNCC
loeuf_score	0.0589931458234787	BRNNCC
num_super_enh	0.04555216431617737	BRNNCC
log_eqtl_HRTAA	0.33004888892173767	HRTAA
tau	0.060532063245773315	HRTAA
loeuf_score	0.05732029303908348	HRTAA
median_tpm_HRTAA	0.05595221742987633	HRTAA
pLI	0.052154868841171265	HRTAA
num_enh	0.05204448476433754	HRTAA
RVIS_score	0.05096567049622536	HRTAA
ncCADD	0.05004185065627098	HRTAA
Episcore	0.049586549401283264	HRTAA
num_super_enh	0.04939982667565346	HRTAA
ncRVIS	0.048725321888923645	HRTAA
pHaplo	0.04823580011725426	HRTAA
pTriplo	0.04808061942458153	HRTAA
ncGERP	0.046911511570215225	HRTAA
log_eqtl_BRNSNG	0.10877449065446854	BRNSNG
ncCADD	0.08862517774105072	BRNSNG
RVIS_score	0.08529339730739594	BRNSNG
pTriplo	0.0805492177605629	BRNSNG
pHaplo	0.07641472667455673	BRNSNG
loeuf_score	0.0748857855796814	BRNSNG
median_tpm_BRNSNG	0.0733114555478096	BRNSNG
ncRVIS	0.07140649110078812	BRNSNG
num_super_enh	0.06925299018621445	BRNSNG
Episcore	0.05900929868221283	BRNSNG
tau	0.0569504015147686	BRNSNG
num_enh	0.056761641055345535	BRNSNG
ncGERP	0.05601008981466293	BRNSNG
pLI	0.04275481030344963	BRNSNG
log_eqtl_ESPMSL	0.3438338339328766	ESPMSL
tau	0.07023591548204422	ESPMSL
median_tpm_ESPMSL	0.06290523707866669	ESPMSL
pLI	0.05288234353065491	ESPMSL
loeuf_score	0.05229407548904419	ESPMSL
pTriplo	0.0517301931977272	ESPMSL
ncGERP	0.04820352792739868	ESPMSL
ncRVIS	0.04681580886244774	ESPMSL
ncCADD	0.04650497063994408	ESPMSL
num_super_enh	0.04623753949999809	ESPMSL
RVIS_score	0.0457441583275795	ESPMSL
pHaplo	0.045665014535188675	ESPMSL
num_enh	0.0436423160135746	ESPMSL
Episcore	0.04330507665872574	ESPMSL
log_eqtl_BRNSPC	0.17693081498146057	BRNSPC
ncRVIS	0.08240588754415512	BRNSPC
RVIS_score	0.08105484396219254	BRNSPC
tau	0.07199467718601227	BRNSPC
Episcore	0.06643946468830109	BRNSPC
loeuf_score	0.06498376280069351	BRNSPC
num_enh	0.06412257254123688	BRNSPC
pLI	0.061264216899871826	BRNSPC
ncGERP	0.05920138210058212	BRNSPC
ncCADD	0.05879133567214012	BRNSPC
median_tpm_BRNSPC	0.05788498371839523	BRNSPC
num_super_enh	0.05323094502091408	BRNSPC
pTriplo	0.05299324169754982	BRNSPC
pHaplo	0.048701945692300797	BRNSPC
log_eqtl_LIVER	0.29120591282844543	LIVER
loeuf_score	0.0688738003373146	LIVER
tau	0.058184921741485596	LIVER
ncRVIS	0.05755195766687393	LIVER
ncGERP	0.056953392922878265	LIVER
pTriplo	0.056604042649269104	LIVER
RVIS_score	0.056375592947006226	LIVER
median_tpm_LIVER	0.053296446800231934	LIVER
ncCADD	0.05211656168103218	LIVER
num_enh	0.0517389141023159	LIVER
Episcore	0.0512150377035141	LIVER
pHaplo	0.05059554800391197	LIVER
pLI	0.048807304352521896	LIVER
num_super_enh	0.04648064449429512	LIVER
log_eqtl_ESPMCS	0.38183340430259705	ESPMCS
tau	0.10621756315231323	ESPMCS
median_tpm_ESPMCS	0.05047416687011719	ESPMCS
loeuf_score	0.04912171512842178	ESPMCS
RVIS_score	0.04558328539133072	ESPMCS
pTriplo	0.042878903448581696	ESPMCS
pHaplo	0.04242914542555809	ESPMCS
ncGERP	0.04202859103679657	ESPMCS
pLI	0.04165984317660332	ESPMCS
ncRVIS	0.04053658992052078	ESPMCS
Episcore	0.040223777294158936	ESPMCS
ncCADD	0.03944596275687218	ESPMCS
num_enh	0.03893553093075752	ESPMCS
num_super_enh	0.038631588220596313	ESPMCS
log_eqtl_BREAST	0.25446924567222595	BREAST
median_tpm_BREAST	0.09384749084711075	BREAST
pTriplo	0.06181366741657257	BREAST
tau	0.059958573430776596	BREAST
ncCADD	0.05640829727053642	BREAST
num_super_enh	0.05532829090952873	BREAST
loeuf_score	0.05494449660181999	BREAST
ncRVIS	0.05464387312531471	BREAST
pLI	0.0532008558511734	BREAST
pHaplo	0.05271201580762863	BREAST
RVIS_score	0.05244606360793114	BREAST
ncGERP	0.05052096024155617	BREAST
Episcore	0.05047762766480446	BREAST
num_enh	0.04922855272889137	BREAST
log_eqtl_NERVET	0.29476338624954224	NERVET
median_tpm_NERVET	0.12347663938999176	NERVET
tau	0.07527025043964386	NERVET
num_super_enh	0.05300357937812805	NERVET
pLI	0.050374217331409454	NERVET
ncRVIS	0.04769282042980194	NERVET
pTriplo	0.046899646520614624	NERVET
RVIS_score	0.04598498344421387	NERVET
ncCADD	0.04585732892155647	NERVET
ncGERP	0.04556457698345184	NERVET
pHaplo	0.043446242809295654	NERVET
loeuf_score	0.04300453141331673	NERVET
Episcore	0.04262397438287735	NERVET
num_enh	0.04203779250383377	NERVET
log_eqtl_ADPSBQ	0.31414589285850525	ADPSBQ
median_tpm_ADPSBQ	0.11492233723402023	ADPSBQ
tau	0.08413621783256531	ADPSBQ
pTriplo	0.05065738409757614	ADPSBQ
num_super_enh	0.05061934143304825	ADPSBQ
ncRVIS	0.04868865758180618	ADPSBQ
pLI	0.04513535648584366	ADPSBQ
ncCADD	0.04513076692819595	ADPSBQ
pHaplo	0.0425633080303669	ADPSBQ
RVIS_score	0.042060405015945435	ADPSBQ
num_enh	0.041780952364206314	ADPSBQ
ncGERP	0.040580544620752335	ADPSBQ
Episcore	0.04012016952037811	ADPSBQ
loeuf_score	0.039458632469177246	ADPSBQ
log_eqtl_BRNACC	0.12374597042798996	BRNACC
ncGERP	0.08887192606925964	BRNACC
loeuf_score	0.08181379735469818	BRNACC
ncCADD	0.0778893232345581	BRNACC
pLI	0.07433570176362991	BRNACC
tau	0.06737827509641647	BRNACC
pHaplo	0.06355024129152298	BRNACC
pTriplo	0.06274107098579407	BRNACC
median_tpm_BRNACC	0.06206243857741356	BRNACC
RVIS_score	0.06162004917860031	BRNACC
num_enh	0.06056971102952957	BRNACC
ncRVIS	0.06027070805430412	BRNACC
Episcore	0.05886935070157051	BRNACC
num_super_enh	0.056281331926584244	BRNACC
log_eqtl_BRNCTXA	0.22847138345241547	BRNCTXA
loeuf_score	0.07147826254367828	BRNCTXA
median_tpm_BRNCTXA	0.06471128016710281	BRNCTXA
ncRVIS	0.06168851628899574	BRNCTXA
pTriplo	0.06012462452054024	BRNCTXA
pLI	0.059787947684526443	BRNCTXA
ncCADD	0.058970000594854355	BRNCTXA
Episcore	0.058774400502443314	BRNCTXA
pHaplo	0.05812966451048851	BRNCTXA
ncGERP	0.057919032871723175	BRNCTXA
tau	0.05785265192389488	BRNCTXA
RVIS_score	0.05779609456658363	BRNCTXA
num_super_enh	0.05442469194531441	BRNCTXA
num_enh	0.049871526658535004	BRNCTXA
log_eqtl_LUNG	0.33155882358551025	LUNG
median_tpm_LUNG	0.09875901788473129	LUNG
tau	0.09122463315725327	LUNG
num_super_enh	0.05031907185912132	LUNG
ncRVIS	0.04812481626868248	LUNG
pTriplo	0.04589711129665375	LUNG
loeuf_score	0.04423515126109123	LUNG
ncCADD	0.04304734244942665	LUNG
pLI	0.042074643075466156	LUNG
RVIS_score	0.04199269041419029	LUNG
num_enh	0.041530922055244446	LUNG
Episcore	0.04065634310245514	LUNG
ncGERP	0.040636900812387466	LUNG
pHaplo	0.03994257375597954	LUNG
log_eqtl_BRNHPP	0.145626038312912	BRNHPP
ncRVIS	0.08279968798160553	BRNHPP
ncGERP	0.08170636743307114	BRNHPP
loeuf_score	0.06978080421686172	BRNHPP
tau	0.06857069581747055	BRNHPP
ncCADD	0.06814758479595184	BRNHPP
RVIS_score	0.0672827661037445	BRNHPP
pLI	0.06664057821035385	BRNHPP
median_tpm_BRNHPP	0.06437722593545914	BRNHPP
pTriplo	0.06335800141096115	BRNHPP
pHaplo	0.05906428396701813	BRNHPP
Episcore	0.055777981877326965	BRNHPP
num_enh	0.053997673094272614	BRNHPP
num_super_enh	0.05287034064531326	BRNHPP
log_eqtl_CLNSGM	0.30113455653190613	CLNSGM
loeuf_score	0.05924467742443085	CLNSGM
ncGERP	0.059244148433208466	CLNSGM
median_tpm_CLNSGM	0.058670081198215485	CLNSGM
RVIS_score	0.05718521401286125	CLNSGM
pLI	0.05705427750945091	CLNSGM
ncCADD	0.05678700655698776	CLNSGM
tau	0.054630767554044724	CLNSGM
pHaplo	0.05294833332300186	CLNSGM
pTriplo	0.0515039823949337	CLNSGM
ncRVIS	0.051365870982408524	CLNSGM
num_enh	0.049689557403326035	CLNSGM
Episcore	0.04682271555066109	CLNSGM
num_super_enh	0.04371880739927292	CLNSGM
log_eqtl_THYROID	0.32189029455184937	THYROID
median_tpm_THYROID	0.1155964806675911	THYROID
tau	0.10563983768224716	THYROID
loeuf_score	0.046859223395586014	THYROID
pLI	0.04632149264216423	THYROID
num_super_enh	0.045160625129938126	THYROID
RVIS_score	0.0433102622628212	THYROID
pTriplo	0.041765909641981125	THYROID
ncRVIS	0.04019288718700409	THYROID
Episcore	0.04018208011984825	THYROID
ncCADD	0.03940752148628235	THYROID
ncGERP	0.03905816003680229	THYROID
pHaplo	0.03827199712395668	THYROID
num_enh	0.036343179643154144	THYROID
log_eqtl_BRNCHA	0.352250874042511	BRNCHA
ncRVIS	0.05362069606781006	BRNCHA
tau	0.05336976796388626	BRNCHA
median_tpm_BRNCHA	0.05254051834344864	BRNCHA
RVIS_score	0.05228354409337044	BRNCHA
loeuf_score	0.05074015632271767	BRNCHA
pTriplo	0.05011295527219772	BRNCHA
pLI	0.05003233253955841	BRNCHA
ncCADD	0.04921627417206764	BRNCHA
pHaplo	0.049002524465322495	BRNCHA
Episcore	0.04780847579240799	BRNCHA
num_enh	0.047606635838747025	BRNCHA
ncGERP	0.0475316196680069	BRNCHA
num_super_enh	0.04388367757201195	BRNCHA
log_eqtl_BRNCDT	0.20402176678180695	BRNCDT
loeuf_score	0.07766114920377731	BRNCDT
median_tpm_BRNCDT	0.07061189413070679	BRNCDT
ncGERP	0.06288794428110123	BRNCDT
RVIS_score	0.060635365545749664	BRNCDT
ncRVIS	0.06007356196641922	BRNCDT
Episcore	0.0598762072622776	BRNCDT
pHaplo	0.05987204611301422	BRNCDT
num_enh	0.05902044475078583	BRNCDT
pTriplo	0.05821778252720833	BRNCDT
pLI	0.057870350778102875	BRNCDT
num_super_enh	0.057357307523489	BRNCDT
ncCADD	0.056496571749448776	BRNCDT
tau	0.05539759248495102	BRNCDT
log_eqtl_SKINS	0.31363874673843384	SKINS
median_tpm_SKINS	0.14442908763885498	SKINS
tau	0.06219024956226349	SKINS
pTriplo	0.05399325117468834	SKINS
num_super_enh	0.050996363162994385	SKINS
loeuf_score	0.0459706112742424	SKINS
RVIS_score	0.0437079519033432	SKINS
ncRVIS	0.04261547699570656	SKINS
pLI	0.04229952022433281	SKINS
pHaplo	0.041388947516679764	SKINS
Episcore	0.04031183570623398	SKINS
ncGERP	0.03964648395776749	SKINS
ncCADD	0.03962417319417	SKINS
num_enh	0.03918725252151489	SKINS
log_eqtl_WHLBLD	0.3698340356349945	WHLBLD
median_tpm_WHLBLD	0.11689548194408417	WHLBLD
ncGERP	0.047574322670698166	WHLBLD
num_super_enh	0.04663710668683052	WHLBLD
tau	0.04558413848280907	WHLBLD
ncCADD	0.04450126737356186	WHLBLD
pLI	0.04363415017724037	WHLBLD
ncRVIS	0.04288145527243614	WHLBLD
Episcore	0.04214709997177124	WHLBLD
pHaplo	0.041141580790281296	WHLBLD
loeuf_score	0.04059712588787079	WHLBLD
RVIS_score	0.04005570337176323	WHLBLD
pTriplo	0.03954717144370079	WHLBLD
num_enh	0.03896935656666756	WHLBLD
log_eqtl_SKINNS	0.33626461029052734	SKINNS
median_tpm_SKINNS	0.08657027035951614	SKINNS
tau	0.05817858874797821	SKINNS
loeuf_score	0.056169070303440094	SKINNS
pLI	0.052611518651247025	SKINNS
pTriplo	0.04952973127365112	SKINNS
ncCADD	0.04867865890264511	SKINNS
pHaplo	0.047634802758693695	SKINNS
RVIS_score	0.045885778963565826	SKINNS
ncRVIS	0.0450650192797184	SKINNS
Episcore	0.044751379638910294	SKINNS
ncGERP	0.04341750591993332	SKINNS
num_enh	0.04309563338756561	SKINNS
num_super_enh	0.04214737191796303	SKINNS
log_eqtl_SLVRYG	0.14835360646247864	SLVRYG
median_tpm_SLVRYG	0.09134063124656677	SLVRYG
pTriplo	0.08325177431106567	SLVRYG
Episcore	0.07895839959383011	SLVRYG
loeuf_score	0.06727477163076401	SLVRYG
RVIS_score	0.06702707707881927	SLVRYG
ncRVIS	0.06665032356977463	SLVRYG
ncGERP	0.06379134953022003	SLVRYG
tau	0.06161341816186905	SLVRYG
ncCADD	0.060691505670547485	SLVRYG
pHaplo	0.05822845920920372	SLVRYG
num_super_enh	0.05176033452153206	SLVRYG
num_enh	0.050581879913806915	SLVRYG
pLI	0.050476446747779846	SLVRYG
log_eqtl_BRNCTXB	0.12150871008634567	BRNCTXB
loeuf_score	0.07838698476552963	BRNCTXB
RVIS_score	0.07587112486362457	BRNCTXB
pLI	0.07391313463449478	BRNCTXB
median_tpm_BRNCTXB	0.07083209604024887	BRNCTXB
pTriplo	0.06907453387975693	BRNCTXB
ncGERP	0.06758015602827072	BRNCTXB
ncRVIS	0.0666530653834343	BRNCTXB
ncCADD	0.06551752984523773	BRNCTXB
Episcore	0.06493207067251205	BRNCTXB
pHaplo	0.06442031264305115	BRNCTXB
num_enh	0.06425966322422028	BRNCTXB
tau	0.059157129377126694	BRNCTXB
num_super_enh	0.05789351835846901	BRNCTXB
log_eqtl_UTERUS	0.16044104099273682	UTERUS
ncCADD	0.09752453118562698	UTERUS
RVIS_score	0.07111604511737823	UTERUS
ncRVIS	0.06894020736217499	UTERUS
tau	0.06850701570510864	UTERUS
ncGERP	0.06807031482458115	UTERUS
loeuf_score	0.06508833169937134	UTERUS
median_tpm_UTERUS	0.062459103763103485	UTERUS
pHaplo	0.05928400531411171	UTERUS
pLI	0.057295456528663635	UTERUS
num_enh	0.05714884027838707	UTERUS
Episcore	0.05687917768955231	UTERUS
pTriplo	0.05651451274752617	UTERUS
num_super_enh	0.050731513649225235	UTERUS
log_eqtl_OVARY	0.23633809387683868	OVARY
loeuf_score	0.06717701256275177	OVARY
pLI	0.06609158217906952	OVARY
tau	0.06549086421728134	OVARY
median_tpm_OVARY	0.061617881059646606	OVARY
Episcore	0.06099902465939522	OVARY
ncRVIS	0.059819187968969345	OVARY
pHaplo	0.05724748224020004	OVARY
RVIS_score	0.056200843304395676	OVARY
ncGERP	0.05579747259616852	OVARY
pTriplo	0.055127859115600586	OVARY
ncCADD	0.054577287286520004	OVARY
num_super_enh	0.05229737609624863	OVARY
num_enh	0.05121801048517227	OVARY
log_eqtl_STMACH	0.25646302103996277	STMACH
RVIS_score	0.06418172270059586	STMACH
pTriplo	0.06174672394990921	STMACH
tau	0.06026788055896759	STMACH
median_tpm_STMACH	0.06011148542165756	STMACH
ncGERP	0.05819106847047806	STMACH
ncRVIS	0.05728292092680931	STMACH
loeuf_score	0.05601656809449196	STMACH
ncCADD	0.05513051897287369	STMACH
pHaplo	0.054858721792697906	STMACH
num_super_enh	0.05434074252843857	STMACH
num_enh	0.05398605763912201	STMACH
Episcore	0.053965240716934204	STMACH
pLI	0.05345728620886803	STMACH
log_eqtl_PRSTTE	0.19500568509101868	PRSTTE
ncGERP	0.07212940603494644	PRSTTE
pLI	0.06911160796880722	PRSTTE
RVIS_score	0.06753315776586533	PRSTTE
ncRVIS	0.06419537961483002	PRSTTE
tau	0.06271305680274963	PRSTTE
loeuf_score	0.06195870041847229	PRSTTE
Episcore	0.0608164444565773	PRSTTE
median_tpm_PRSTTE	0.058450762182474136	PRSTTE
pTriplo	0.05843178555369377	PRSTTE
num_enh	0.05840977653861046	PRSTTE
pHaplo	0.05816861242055893	PRSTTE
ncCADD	0.057043928653001785	PRSTTE
num_super_enh	0.0560317225754261	PRSTTE
log_eqtl_BRNCHB	0.275137335062027	BRNCHB
pLI	0.06743641942739487	BRNCHB
median_tpm_BRNCHB	0.060738153755664825	BRNCHB
pHaplo	0.05872592702507973	BRNCHB
ncRVIS	0.05795403569936752	BRNCHB
loeuf_score	0.05717567726969719	BRNCHB
ncCADD	0.05603121966123581	BRNCHB
Episcore	0.05494437739253044	BRNCHB
ncGERP	0.0545225627720356	BRNCHB
pTriplo	0.05329376086592674	BRNCHB
RVIS_score	0.05320059880614281	BRNCHB
num_enh	0.05251237750053406	BRNCHB
tau	0.051903195679187775	BRNCHB
num_super_enh	0.04642435163259506	BRNCHB
log_eqtl_MSCLSK	0.36408838629722595	MSCLSK
median_tpm_MSCLSK	0.08291378617286682	MSCLSK
tau	0.05662598833441734	MSCLSK
pTriplo	0.0492691732943058	MSCLSK
ncRVIS	0.04881827533245087	MSCLSK
ncCADD	0.04685314744710922	MSCLSK
ncGERP	0.04634435102343559	MSCLSK
loeuf_score	0.04482670873403549	MSCLSK
pLI	0.04463031142950058	MSCLSK
Episcore	0.04403875395655632	MSCLSK
num_enh	0.043542321771383286	MSCLSK
num_super_enh	0.04314194992184639	MSCLSK
pHaplo	0.042495351284742355	MSCLSK
RVIS_score	0.04241145774722099	MSCLSK
log_eqtl_PNCREAS	0.3054482340812683	PNCREAS
tau	0.061784449964761734	PNCREAS
median_tpm_PNCREAS	0.06024054437875748	PNCREAS
loeuf_score	0.05851871147751808	PNCREAS
ncCADD	0.056693464517593384	PNCREAS
RVIS_score	0.05362540856003761	PNCREAS
ncRVIS	0.05337393283843994	PNCREAS
Episcore	0.05193251371383667	PNCREAS
ncGERP	0.05151814967393875	PNCREAS
pTriplo	0.05073707178235054	PNCREAS
num_enh	0.05065334960818291	PNCREAS
pHaplo	0.04918226599693298	PNCREAS
pLI	0.04827672615647316	PNCREAS
num_super_enh	0.048015184700489044	PNCREAS
log_eqtl_ARTTBL	0.3288746178150177	ARTTBL
median_tpm_ARTTBL	0.0998963862657547	ARTTBL
tau	0.08202145993709564	ARTTBL
pTriplo	0.05216773971915245	ARTTBL
pLI	0.047658611088991165	ARTTBL
num_super_enh	0.045595500618219376	ARTTBL
ncRVIS	0.0450344979763031	ARTTBL
ncCADD	0.04495210945606232	ARTTBL
loeuf_score	0.04428556188941002	ARTTBL
ncGERP	0.04278407618403435	ARTTBL
Episcore	0.04241589829325676	ARTTBL
pHaplo	0.04204871132969856	ARTTBL
RVIS_score	0.041546549648046494	ARTTBL
num_enh	0.040718287229537964	ARTTBL
log_eqtl_TESTIS	0.3672516644001007	TESTIS
loeuf_score	0.061941228806972504	TESTIS
median_tpm_TESTIS	0.05195993185043335	TESTIS
tau	0.05068933218717575	TESTIS
RVIS_score	0.049748558551073074	TESTIS
ncRVIS	0.049687184393405914	TESTIS
pHaplo	0.047465767711400986	TESTIS
pLI	0.04740709811449051	TESTIS
Episcore	0.047344595193862915	TESTIS
ncCADD	0.04694051668047905	TESTIS
pTriplo	0.04612576961517334	TESTIS
ncGERP	0.04549003764986992	TESTIS
num_enh	0.04410384222865105	TESTIS
num_super_enh	0.04384446516633034	TESTIS
log_eqtl_SPLEEN	0.3039862811565399	SPLEEN
loeuf_score	0.06217614561319351	SPLEEN
tau	0.05874355882406235	SPLEEN
pTriplo	0.05441569909453392	SPLEEN
median_tpm_SPLEEN	0.05435003340244293	SPLEEN
pLI	0.053411245346069336	SPLEEN
ncGERP	0.053350623697042465	SPLEEN
num_enh	0.052439041435718536	SPLEEN
RVIS_score	0.05230720341205597	SPLEEN
ncCADD	0.05185630917549133	SPLEEN
ncRVIS	0.0513886958360672	SPLEEN
num_super_enh	0.051273565739393234	SPLEEN
Episcore	0.05017595365643501	SPLEEN
pHaplo	0.050125736743211746	SPLEEN
log_eqtl_CLNTRN	0.31515583395957947	CLNTRN
median_tpm_CLNTRN	0.06314928084611893	CLNTRN
RVIS_score	0.06016125530004501	CLNTRN
tau	0.057848695665597916	CLNTRN
pTriplo	0.05420827120542526	CLNTRN
ncGERP	0.051953528076410294	CLNTRN
loeuf_score	0.050937943160533905	CLNTRN
pHaplo	0.05025097355246544	CLNTRN
num_super_enh	0.05001033470034599	CLNTRN
ncRVIS	0.04996131733059883	CLNTRN
pLI	0.04962010681629181	CLNTRN
Episcore	0.04930122196674347	CLNTRN
num_enh	0.04895526543259621	CLNTRN
ncCADD	0.04848596081137657	CLNTRN
log_eqtl_SNTTRM	0.19479264318943024	SNTTRM
ncCADD	0.07097161561250687	SNTTRM
loeuf_score	0.07017017900943756	SNTTRM
ncGERP	0.06970477849245071	SNTTRM
tau	0.06658164411783218	SNTTRM
RVIS_score	0.0646752342581749	SNTTRM
pHaplo	0.06401224434375763	SNTTRM
ncRVIS	0.06233358383178711	SNTTRM
median_tpm_SNTTRM	0.06033756956458092	SNTTRM
Episcore	0.05807545408606529	SNTTRM
pLI	0.05623168870806694	SNTTRM
num_super_enh	0.05472693219780922	SNTTRM
pTriplo	0.05427264794707298	SNTTRM
num_enh	0.05311382934451103	SNTTRM
log_eqtl_FIBRBLS	0.46340063214302063	FIBRBLS
tau	0.07004985213279724	FIBRBLS
median_tpm_FIBRBLS	0.046881962567567825	FIBRBLS
loeuf_score	0.045519761741161346	FIBRBLS
pTriplo	0.04248682036995888	FIBRBLS
ncRVIS	0.04017594829201698	FIBRBLS
pLI	0.039088595658540726	FIBRBLS
pHaplo	0.03887711465358734	FIBRBLS
ncCADD	0.0366923063993454	FIBRBLS
ncGERP	0.035923685878515244	FIBRBLS
RVIS_score	0.03589465096592903	FIBRBLS
num_enh	0.035604555159807205	FIBRBLS
Episcore	0.034823015332221985	FIBRBLS
num_super_enh	0.034581173211336136	FIBRBLS
log_eqtl_ADRNLG	0.3619401454925537	ADRNLG
tau	0.0638933777809143	ADRNLG
loeuf_score	0.05621081963181496	ADRNLG
median_tpm_ADRNLG	0.04979833588004112	ADRNLG
ncCADD	0.0486706905066967	ADRNLG
ncGERP	0.04828549176454544	ADRNLG
RVIS_score	0.04808580502867699	ADRNLG
Episcore	0.04802762344479561	ADRNLG
pTriplo	0.04756636172533035	ADRNLG
num_super_enh	0.0474015437066555	ADRNLG
ncRVIS	0.04710017144680023	ADRNLG
pHaplo	0.044991862028837204	ADRNLG
pLI	0.044201843440532684	ADRNLG
num_enh	0.04382592812180519	ADRNLG
log_eqtl_ARTAORT	0.34539347887039185	ARTAORT
tau	0.07279115170240402	ARTAORT
median_tpm_ARTAORT	0.06055040284991264	ARTAORT
pLI	0.058608949184417725	ARTAORT
loeuf_score	0.055353742092847824	ARTAORT
num_super_enh	0.04781268909573555	ARTAORT
ncGERP	0.04756534844636917	ARTAORT
RVIS_score	0.04693828895688057	ARTAORT
pTriplo	0.04665110632777214	ARTAORT
ncRVIS	0.045279473066329956	ARTAORT
ncCADD	0.0444573312997818	ARTAORT
pHaplo	0.04416392371058464	ARTAORT
Episcore	0.04359089955687523	ARTAORT
num_enh	0.040843185037374496	ARTAORT
log_eqtl_PTTARY	0.2411244660615921	PTTARY
median_tpm_PTTARY	0.06475833058357239	PTTARY
RVIS_score	0.0619024820625782	PTTARY
ncGERP	0.060331664979457855	PTTARY
pHaplo	0.05958844721317291	PTTARY
pTriplo	0.05835110321640968	PTTARY
num_super_enh	0.05822750926017761	PTTARY
ncRVIS	0.0579879991710186	PTTARY
tau	0.05744760483503342	PTTARY
ncCADD	0.057137470692396164	PTTARY
num_enh	0.05645955726504326	PTTARY
loeuf_score	0.056250959634780884	PTTARY
pLI	0.05531736835837364	PTTARY
Episcore	0.055115118622779846	PTTARY
log_eqtl_VAGINA	0.15280932188034058	VAGINA
ncCADD	0.08080366998910904	VAGINA
Episcore	0.07524540275335312	VAGINA
pTriplo	0.07259706407785416	VAGINA
loeuf_score	0.06964468210935593	VAGINA
ncRVIS	0.06848107278347015	VAGINA
RVIS_score	0.06513243913650513	VAGINA
ncGERP	0.0648600235581398	VAGINA
pLI	0.06296154111623764	VAGINA
tau	0.061667222529649734	VAGINA
median_tpm_VAGINA	0.05972491204738617	VAGINA
pHaplo	0.05834281072020531	VAGINA
num_super_enh	0.05391041934490204	VAGINA
num_enh	0.053819410502910614	VAGINA
log_eqtl_BRNAMY	0.12150472402572632	BRNAMY
pHaplo	0.10111246258020401	BRNAMY
ncRVIS	0.08880485594272614	BRNAMY
pLI	0.08199824392795563	BRNAMY
pTriplo	0.0750468298792839	BRNAMY
loeuf_score	0.07099895179271698	BRNAMY
RVIS_score	0.06810157746076584	BRNAMY
Episcore	0.06210735812783241	BRNAMY
ncGERP	0.06010815501213074	BRNAMY
tau	0.05888631194829941	BRNAMY
median_tpm_BRNAMY	0.05715051665902138	BRNAMY
num_super_enh	0.05691763013601303	BRNAMY
ncCADD	0.051137179136276245	BRNAMY
num_enh	0.04612528905272484	BRNAMY
log_eqtl_ESPGEJ	0.2758769392967224	ESPGEJ
tau	0.06219697743654251	ESPGEJ
median_tpm_ESPGEJ	0.06090666726231575	ESPGEJ
loeuf_score	0.057359158992767334	ESPGEJ
ncRVIS	0.05675053596496582	ESPGEJ
pTriplo	0.05637151375412941	ESPGEJ
RVIS_score	0.05579088255763054	ESPGEJ
ncCADD	0.05538095533847809	ESPGEJ
Episcore	0.05472411587834358	ESPGEJ
ncGERP	0.054533880203962326	ESPGEJ
pLI	0.05441274493932724	ESPGEJ
pHaplo	0.05236291140317917	ESPGEJ
num_super_enh	0.052340634167194366	ESPGEJ
num_enh	0.05099203437566757	ESPGEJ
log_eqtl_ADPVSC	0.31321021914482117	ADPVSC
median_tpm_ADPVSC	0.07338972389698029	ADPVSC
tau	0.07138486951589584	ADPVSC
pTriplo	0.054157059639692307	ADPVSC
loeuf_score	0.053707465529441833	ADPVSC
pLI	0.051689013838768005	ADPVSC
ncCADD	0.049228861927986145	ADPVSC
Episcore	0.048934005200862885	ADPVSC
ncGERP	0.04820476099848747	ADPVSC
RVIS_score	0.048054423183202744	ADPVSC
num_enh	0.04787595570087433	ADPVSC
ncRVIS	0.0474020391702652	ADPVSC
pHaplo	0.046659138053655624	ADPVSC
num_super_enh	0.046102505177259445	ADPVSC
log_eqtl_ARTCRN	0.21290118992328644	ARTCRN
median_tpm_ARTCRN	0.06909587234258652	ARTCRN
num_enh	0.06669748574495316	ARTCRN
ncGERP	0.06324286758899689	ARTCRN
tau	0.06199529021978378	ARTCRN
RVIS_score	0.06158851087093353	ARTCRN
num_super_enh	0.06101701036095619	ARTCRN
pHaplo	0.060778193175792694	ARTCRN
loeuf_score	0.059805676341056824	ARTCRN
pLI	0.05927286297082901	ARTCRN
pTriplo	0.05800710245966911	ARTCRN
ncRVIS	0.05747704207897186	ARTCRN
Episcore	0.055210381746292114	ARTCRN
ncCADD	0.05291053280234337	ARTCRN
log_eqtl_HRTLV	0.3092406690120697	HRTLV
median_tpm_HRTLV	0.0644410103559494	HRTLV
tau	0.06387235224246979	HRTLV
pTriplo	0.05422019213438034	HRTLV
ncCADD	0.05373496189713478	HRTLV
pLI	0.05324181541800499	HRTLV
pHaplo	0.052461475133895874	HRTLV
ncRVIS	0.05085168033838272	HRTLV
num_enh	0.0506184846162796	HRTLV
loeuf_score	0.05013508349657059	HRTLV
num_super_enh	0.05009360983967781	HRTLV
RVIS_score	0.0500466488301754	HRTLV
Episcore	0.04878835007548332	HRTLV
ncGERP	0.04825375974178314	HRTLV
log_eqtl_LCL	0.3188644349575043	LCL
loeuf_score	0.06798017770051956	LCL
median_tpm_LCL	0.06716955453157425	LCL
pHaplo	0.05469800531864166	LCL
num_enh	0.05293925851583481	LCL
tau	0.05247413367033005	LCL
ncGERP	0.05162661150097847	LCL
pLI	0.050136372447013855	LCL
RVIS_score	0.049463652074337006	LCL
pTriplo	0.049272239208221436	LCL
ncRVIS	0.04872364550828934	LCL
num_super_enh	0.04613976553082466	LCL
ncCADD	0.046056460589170456	LCL
Episcore	0.04445571079850197	LCL
